{
    "Justin's Birthday": "07/20",
    "Alex Winningham's Birthday": "04/27",
    "Wilson's Birthday": "10/03",
    "Ashton's Birthday": "03/18",
    "Kayla's Birthday": "09/26",
    "Tiyan's Birthday": "08/25",
    "John's Birthday": "06/30",
    "Evan's Birthday": "09/04",
    "Ethan's Birthday": "05/16",
    "Matt's Birthday": "01/28",
    "Asher's Birthday": "06/16",
    "Joe's Birthday": "09/15",
    "Nathan's Birthday": "02/26",
    "Zack's Birthday": "11/13",
    "My Birthday": "12/21",
    "Billy's Birthday": "05/24",
    "Chaz's Birthday": "01/18",
    "Tawni's Birthday": "05/21",
    "Alex Tingley's Birthday": "05/15",
    "Brayden's Birthday": "09/01",
    "Peyton's Birthday": "05/18",
    "Peter's Birthday": "06/11",
    "Sylas' Birthday": "12/23",
    "Chris' Birthday": "06/06",
    "Nelson's Birthday": "07/12"
    
}